<?xml version="1.0" standalone="yes"?>
<Recordset>
  <xs:schema id="Recordset" xmlns="" xmlns:xs="http://www.w3.org/2001/XMLSchema" xmlns:msdata="urn:schemas-microsoft-com:xml-msdata">
    <xs:element name="Recordset" msdata:IsDataSet="true" msdata:MainDataTable="DTLABELS" msdata:UseCurrentLocale="true">
      <xs:complexType>
        <xs:choice minOccurs="0" maxOccurs="unbounded">
          <xs:element name="DTLABELS">
            <xs:complexType>
              <xs:sequence>
                <xs:element name="LID" type="xs:int" minOccurs="0" />
                <xs:element name="TXID" type="xs:int" minOccurs="0" />
                <xs:element name="ORDERNO" type="xs:decimal" minOccurs="0" />
                <xs:element name="LABEL" type="xs:string" minOccurs="0" />
                <xs:element name="CONTROLTYPE" type="xs:int" minOccurs="0" />
                <xs:element name="FIELDLENGTH" type="xs:int" minOccurs="0" />
                <xs:element name="DEFAULTTEXT" type="xs:string" minOccurs="0" />
              </xs:sequence>
            </xs:complexType>
          </xs:element>
        </xs:choice>
      </xs:complexType>
    </xs:element>
  </xs:schema>
  <DTLABELS>
    <LID>25</LID>
    <TXID>7</TXID>
    <ORDERNO>1</ORDERNO>
    <LABEL>Job-Suffix-Seq</LABEL>
    <CONTROLTYPE>16</CONTROLTYPE>
    <FIELDLENGTH>17</FIELDLENGTH>
    <DEFAULTTEXT />
  </DTLABELS>
  <DTLABELS>
    <LID>26</LID>
    <TXID>7</TXID>
    <ORDERNO>2</ORDERNO>
    <LABEL>Lot</LABEL>
    <CONTROLTYPE>16</CONTROLTYPE>
    <FIELDLENGTH>15</FIELDLENGTH>
    <DEFAULTTEXT />
  </DTLABELS>
  <DTLABELS>
    <LID>27</LID>
    <TXID>7</TXID>
    <ORDERNO>3</ORDERNO>
    <LABEL>Heat</LABEL>
    <CONTROLTYPE>16</CONTROLTYPE>
    <FIELDLENGTH>30</FIELDLENGTH>
    <DEFAULTTEXT />
  </DTLABELS>
  <DTLABELS>
    <LID>28</LID>
    <TXID>7</TXID>
    <ORDERNO>4</ORDERNO>
    <LABEL>Bin</LABEL>
    <CONTROLTYPE>16</CONTROLTYPE>
    <FIELDLENGTH>6</FIELDLENGTH>
    <DEFAULTTEXT />
  </DTLABELS>
  <DTLABELS>
    <LID>29</LID>
    <TXID>7</TXID>
    <ORDERNO>5</ORDERNO>
    <LABEL>Qty</LABEL>
    <CONTROLTYPE>16</CONTROLTYPE>
    <FIELDLENGTH>10</FIELDLENGTH>
    <DEFAULTTEXT />
  </DTLABELS>
  <DTLABELS>
    <LID>30</LID>
    <TXID>7</TXID>
    <ORDERNO>6</ORDERNO>
    <LABEL>Close?</LABEL>
    <CONTROLTYPE>2</CONTROLTYPE>
    <FIELDLENGTH>0</FIELDLENGTH>
    <DEFAULTTEXT>Unchecked</DEFAULTTEXT>
  </DTLABELS>
</Recordset>